<?xml version="1.0" encoding="UTF-8"?>
<beans xmlns="http://www.springframework.org/schema/beans"
	
	xmlns:xsi="http://www.w3.org/2001/XMLSchema-instance" 
	xmlns:int="http://www.springframework.org/schema/integration"
	xmlns:int-twitter="http://www.springframework.org/schema/integration/twitter"
	xmlns:int-amqp="http://www.springframework.org/schema/integration/amqp"
	xmlns:rabbit="http://www.springframework.org/schema/rabbit"
	xmlns:int-stream="http://www.springframework.org/schema/integration/stream"
    xmlns:mvc="http://www.springframework.org/schema/mvc"	
	xmlns:context="http://www.springframework.org/schema/context"
	xmlns:cloud="http://www.springframework.org/schema/cloud"
	
	xsi:schemaLocation="http://www.springframework.org/schema/integration/amqp http://www.springframework.org/schema/integration/amqp/spring-integration-amqp.xsd
    	http://www.springframework.org/schema/mvc http://www.springframework.org/schema/mvc/spring-mvc-3.0.xsd
		http://www.springframework.org/schema/integration http://www.springframework.org/schema/integration/spring-integration.xsd
		http://www.springframework.org/schema/integration/stream http://www.springframework.org/schema/integration/stream/spring-integration-stream.xsd
		http://www.springframework.org/schema/rabbit http://www.springframework.org/schema/rabbit/spring-rabbit.xsd
		http://www.springframework.org/schema/beans http://www.springframework.org/schema/beans/spring-beans.xsd
		http://www.springframework.org/schema/integration/twitter http://www.springframework.org/schema/integration/twitter/spring-integration-twitter.xsd
		http://www.springframework.org/schema/integration/stream http://www.springframework.org/schema/integration/stream/spring-integration-stream.xsd
		http://www.springframework.org/schema/context http://www.springframework.org/schema/context/spring-context.xsd
		http://www.springframework.org/schema/cloud http://www.springframework.org/schema/cloud/spring-cloud.xsd"
		>
	


	<context:component-scan base-package="com.pivotal"/>
    <mvc:annotation-driven/>
    <mvc:resources mapping="/resources/**" location="/resources/" />
    
	<mvc:resources mapping="/resources/**" location="/resources/" />


	<bean
		class="org.springframework.web.servlet.view.ContentNegotiatingViewResolver">
		<property name="mediaTypes">
			<map>
				<entry key="html" value="text/html" />
				<entry key="json" value="application/json" />
			</map>
		</property>
		<property name="viewResolvers">
			<list>
				<bean class="org.springframework.web.servlet.view.UrlBasedViewResolver">
					<property name="viewClass"
						value="org.springframework.web.servlet.view.JstlView" />
						<!-- 
					<property name="prefix" value="/WEB-INF/views/" />
					<property name="suffix" value=".jsp" />
					 -->
				</bean>
			</list>
		</property>
		<property name="defaultViews">
			<list>
				<bean
					class="org.springframework.web.servlet.view.json.MappingJacksonJsonView">
					<property name="prefixJson" value="true" />
				</bean>
			</list>
		</property>
	</bean>
 
	<context:property-placeholder location="classpath:app.properties" />
<!-- 
	<cloud:rabbit-connection-factory id="connectionFactory" service-name="myrabbitmq"/>	

	<rabbit:template id="amqpTemplate" connection-factory="connectionFactory" />

	<rabbit:admin connection-factory="connectionFactory" />

	<rabbit:queue name="ingest.queue" />

	<rabbit:direct-exchange name="ingest.exchange">
		<rabbit:bindings>
			<rabbit:binding queue="ingest.queue" key="ingest.binding" />
		</rabbit:bindings>
	</rabbit:direct-exchange>
 -->

<!-- 	
	<beans profile="hawq">
		<context:component-scan base-package="com.pivotal.example.xd.controller" />


	</beans>
-->		
	

</beans>
